"Confirm your email address","Confirm your email address"
"Confirm email","Confirm email"
"Internet-shop Rozetka.ua", "Internet-shop Rozetka.ua"
"Laptops, tablets and PCs", "Laptops, tablets and PCs"
"Phones, MP3", "Phones, MP3"
"TV, Audio, Video, Photo", "TV, Audio, Video, Photo"
"Household appliances and interior", "Household appliances and interior"
"Active rest and tourism", "Active rest and tourism"
"Child's world", "Child's world"
"Household products", "Household products"
"Summer house, garden, kitchen garden", "Summer house, garden, kitchen garden"
"Tools and equipment", "Tools and equipment"
"Car goods", "Car goods"
"Musical instruments", "Musical instruments"
"Air and railway tickets", "Air and railway tickets"
"Clothing, Shoes & Accessories", "Clothing, Shoes & Accessories"
"Jewelry", "Jewelry"
"Cosmetics and perfumery", "Cosmetics and perfumery"
"Office and school", "Office and school"
"Pet supplies", "Pet supplies"
